trigger	scenario	tenuring_age	moving	trigger_bytes	sample	rounds	batch	elapsed_ns	checksum	minor_collections	full_collections	young_input_bytes	survived_bytes	reclaimed_bytes	promoted_bytes	moving_minor_collections	moved_cells	moved_bytes	move_failures	live_bytes	young_bytes	next_threshold_bytes	backing_chunks	backing_capacity_bytes	pause_total_ns	pause_max_ns	cooperative_attempts	cooperative_collections	cooperative_parks	cooperative_timeouts
forced	ephemeral	1	0	4194304	0	8	24576	300245625	4831838208	8	0	99099392	1024	99098368	1024	0	0	0	0	246304	0	72057594037927935	127	13565952	32633082	4652791	0	0	0	0
forced	ephemeral	1	0	4194304	1	8	24576	295595125	4831838208	8	0	99099392	1024	99098368	1024	0	0	0	0	246304	0	72057594037927935	127	13565952	31362748	4236458	0	0	0	0
forced	ephemeral	1	0	4194304	2	8	24576	316870833	4831838208	8	0	99099392	1024	99098368	1024	0	0	0	0	246304	0	72057594037927935	127	13565952	36695707	6868583	0	0	0	0
forced	ephemeral	1	0	4194304	3	8	24576	313091625	4831838208	8	0	99099392	1024	99098368	1024	0	0	0	0	246304	0	72057594037927935	127	13565952	35820916	5830875	0	0	0	0
forced	ephemeral	1	0	4194304	4	8	24576	339670584	4831838208	8	0	99099392	1024	99098368	1024	0	0	0	0	246304	0	72057594037927935	127	13565952	41837209	10887125	0	0	0	0
forced	ephemeral	1	0	4194304	5	8	24576	315503666	4831838208	8	0	99099392	1024	99098368	1024	0	0	0	0	246304	0	72057594037927935	127	13565952	34560833	4891500	0	0	0	0
forced	ephemeral	1	0	4194304	6	8	24576	315384166	4831838208	8	0	99099392	1024	99098368	1024	0	0	0	0	246304	0	72057594037927935	127	13565952	34235959	4808208	0	0	0	0
forced	ephemeral	3	0	4194304	0	8	24576	296963750	4831838208	8	0	99100288	1024	99099264	0	0	0	0	0	245408	128	72057594037927935	127	13565952	32058042	4454292	0	0	0	0
forced	ephemeral	3	0	4194304	1	8	24576	293553833	4831838208	8	0	99100288	1024	99099264	0	0	0	0	0	245408	128	72057594037927935	127	13565952	31963331	4688250	0	0	0	0
forced	ephemeral	3	0	4194304	2	8	24576	310225958	4831838208	8	0	99100288	1024	99099264	0	0	0	0	0	245408	128	72057594037927935	127	13565952	36039041	6278166	0	0	0	0
forced	ephemeral	3	0	4194304	3	8	24576	318323083	4831838208	8	0	99100288	1024	99099264	0	0	0	0	0	245408	128	72057594037927935	127	13565952	34943583	6025167	0	0	0	0
forced	ephemeral	3	0	4194304	4	8	24576	316911500	4831838208	8	0	99100288	1024	99099264	0	0	0	0	0	245408	128	72057594037927935	127	13565952	34593042	5253750	0	0	0	0
forced	ephemeral	3	0	4194304	5	8	24576	309048292	4831838208	8	0	99100288	1024	99099264	0	0	0	0	0	245408	128	72057594037927935	127	13565952	33740250	4810500	0	0	0	0
forced	ephemeral	3	0	4194304	6	8	24576	315507000	4831838208	8	0	99100288	1024	99099264	0	0	0	0	0	245408	128	72057594037927935	127	13565952	34608416	4722166	0	0	0	0
forced	ephemeral	1	1	4194304	0	8	24576	305695041	4831838208	8	0	99099392	1024	99098368	1024	8	8	1024	0	246304	0	72057594037927935	127	13565952	37696290	6396333	0	0	0	0
forced	ephemeral	1	1	4194304	1	8	24576	317377166	4831838208	8	0	99099392	1024	99098368	1024	8	8	1024	0	246304	0	72057594037927935	127	13565952	38516667	6095584	0	0	0	0
forced	ephemeral	1	1	4194304	2	8	24576	328136417	4831838208	8	0	99099392	1024	99098368	1024	8	8	1024	0	246304	0	72057594037927935	127	13565952	38030918	6339500	0	0	0	0
forced	ephemeral	1	1	4194304	3	8	24576	313933583	4831838208	8	0	99099392	1024	99098368	1024	8	8	1024	0	246304	0	72057594037927935	127	13565952	35863376	5348541	0	0	0	0
forced	ephemeral	1	1	4194304	4	8	24576	325145583	4831838208	8	0	99099392	1024	99098368	1024	8	8	1024	0	246304	0	72057594037927935	127	13565952	38133542	5832417	0	0	0	0
forced	ephemeral	1	1	4194304	5	8	24576	306268875	4831838208	8	0	99099392	1024	99098368	1024	8	8	1024	0	246304	0	72057594037927935	127	13565952	35409833	5181958	0	0	0	0
forced	ephemeral	1	1	4194304	6	8	24576	305916500	4831838208	8	0	99099392	1024	99098368	1024	8	8	1024	0	246304	0	72057594037927935	127	13565952	35922208	4914375	0	0	0	0
forced	ephemeral	3	1	4194304	0	8	24576	315561167	4831838208	8	0	99100288	1024	99099264	0	8	8	1024	0	245408	128	72057594037927935	127	13565952	37781584	6386083	0	0	0	0
forced	ephemeral	3	1	4194304	1	8	24576	336448375	4831838208	8	0	99100288	1024	99099264	0	8	8	1024	0	245408	128	72057594037927935	127	13565952	40159792	8146958	0	0	0	0
forced	ephemeral	3	1	4194304	2	8	24576	312109584	4831838208	8	0	99100288	1024	99099264	0	8	8	1024	0	245408	128	72057594037927935	127	13565952	37822207	7202333	0	0	0	0
forced	ephemeral	3	1	4194304	3	8	24576	304161583	4831838208	8	0	99100288	1024	99099264	0	8	8	1024	0	245408	128	72057594037927935	127	13565952	37485793	6905625	0	0	0	0
forced	ephemeral	3	1	4194304	4	8	24576	307640708	4831838208	8	0	99100288	1024	99099264	0	8	8	1024	0	245408	128	72057594037927935	127	13565952	37813334	7384459	0	0	0	0
forced	ephemeral	3	1	4194304	5	8	24576	300468167	4831838208	8	0	99100288	1024	99099264	0	8	8	1024	0	245408	128	72057594037927935	127	13565952	35871666	5076666	0	0	0	0
forced	ephemeral	3	1	4194304	6	8	24576	304656667	4831838208	8	0	99100288	1024	99099264	0	8	8	1024	0	245408	128	72057594037927935	127	13565952	36909332	6724042	0	0	0	0
forced	high	1	0	4194304	0	8	24576	488225959	4831838208	8	0	99099392	25166848	73932544	25166848	0	0	0	0	25413024	0	72057594037927935	463	35586048	132728792	60856875	0	0	0	0
forced	high	1	0	4194304	1	8	24576	435182084	4831838208	8	0	99099392	25166848	73932544	25166848	0	0	0	0	25413024	0	72057594037927935	463	35586048	82605957	14787583	0	0	0	0
forced	high	1	0	4194304	2	8	24576	424593208	4831838208	8	0	99099392	25166848	73932544	25166848	0	0	0	0	25413024	0	72057594037927935	463	35586048	78340084	13848292	0	0	0	0
forced	high	1	0	4194304	3	8	24576	424762000	4831838208	8	0	99099392	25166848	73932544	25166848	0	0	0	0	25413024	0	72057594037927935	463	35586048	83007248	15623750	0	0	0	0
forced	high	1	0	4194304	4	8	24576	425264166	4831838208	8	0	99099392	25166848	73932544	25166848	0	0	0	0	25413024	0	72057594037927935	463	35586048	83666459	15167208	0	0	0	0
forced	high	1	0	4194304	5	8	24576	422877959	4831838208	8	0	99099392	25166848	73932544	25166848	0	0	0	0	25413024	0	72057594037927935	463	35586048	80666751	14350084	0	0	0	0
forced	high	1	0	4194304	6	8	24576	424036250	4831838208	8	0	99099392	25166848	73932544	25166848	0	0	0	0	25413024	0	72057594037927935	463	35586048	81615168	14576292	0	0	0	0
forced	high	3	0	4194304	0	8	24576	486068167	4831838208	8	0	139995520	66062976	73932544	18875136	0	0	0	0	25413024	6291712	72057594037927935	463	35586048	98298000	17194875	0	0	0	0
forced	high	3	0	4194304	1	8	24576	455327667	4831838208	8	0	139995520	66062976	73932544	18875136	0	0	0	0	25413024	6291712	72057594037927935	463	35586048	95933167	17201959	0	0	0	0
forced	high	3	0	4194304	2	8	24576	432424708	4831838208	8	0	139995520	66062976	73932544	18875136	0	0	0	0	25413024	6291712	72057594037927935	463	35586048	85743375	15867500	0	0	0	0
forced	high	3	0	4194304	3	8	24576	438645625	4831838208	8	0	139995520	66062976	73932544	18875136	0	0	0	0	25413024	6291712	72057594037927935	463	35586048	88262458	16127750	0	0	0	0
forced	high	3	0	4194304	4	8	24576	437713584	4831838208	8	0	139995520	66062976	73932544	18875136	0	0	0	0	25413024	6291712	72057594037927935	463	35586048	90922666	16490750	0	0	0	0
forced	high	3	0	4194304	5	8	24576	435650541	4831838208	8	0	139995520	66062976	73932544	18875136	0	0	0	0	25413024	6291712	72057594037927935	463	35586048	89752377	16552959	0	0	0	0
forced	high	3	0	4194304	6	8	24576	437988542	4831838208	8	0	139995520	66062976	73932544	18875136	0	0	0	0	25413024	6291712	72057594037927935	463	35586048	89860916	16739000	0	0	0	0
forced	high	1	1	4194304	0	8	24576	600165583	4831838208	8	0	99099392	25166848	73932544	25166848	8	196616	25166848	0	25413024	0	72057594037927935	463	35586048	240780958	57371792	0	0	0	0
forced	high	1	1	4194304	1	8	24576	590304042	4831838208	8	0	99099392	25166848	73932544	25166848	8	196616	25166848	0	25413024	0	72057594037927935	463	35586048	230744583	55762667	0	0	0	0
forced	high	1	1	4194304	2	8	24576	570255458	4831838208	8	0	99099392	25166848	73932544	25166848	8	196616	25166848	0	25413024	0	72057594037927935	463	35586048	210654874	40742041	0	0	0	0
forced	high	1	1	4194304	3	8	24576	571707000	4831838208	8	0	99099392	25166848	73932544	25166848	8	196616	25166848	0	25413024	0	72057594037927935	463	35586048	216054915	40597083	0	0	0	0
forced	high	1	1	4194304	4	8	24576	585156708	4831838208	8	0	99099392	25166848	73932544	25166848	8	196616	25166848	0	25413024	0	72057594037927935	463	35586048	224986792	43755958	0	0	0	0
forced	high	1	1	4194304	5	8	24576	607849334	4831838208	8	0	99099392	25166848	73932544	25166848	8	196616	25166848	0	25413024	0	72057594037927935	463	35586048	226336459	43963208	0	0	0	0
forced	high	1	1	4194304	6	8	24576	579692708	4831838208	8	0	99099392	25166848	73932544	25166848	8	196616	25166848	0	25413024	0	72057594037927935	463	35586048	224942705	42542958	0	0	0	0
forced	high	3	1	4194304	0	8	24576	682640666	4831838208	8	0	139995520	66062976	73932544	18875136	8	516117	66062976	0	25413024	6291712	72057594037927935	559	41877504	330090999	65141791	0	0	0	0
forced	high	3	1	4194304	1	8	24576	694092417	4831838208	8	0	139995520	66062976	73932544	18875136	8	516117	66062976	0	25413024	6291712	72057594037927935	559	41877504	337062666	62251791	0	0	0	0
forced	high	3	1	4194304	2	8	24576	694557625	4831838208	8	0	139995520	66062976	73932544	18875136	8	516117	66062976	0	25413024	6291712	72057594037927935	559	41877504	337832499	61307250	0	0	0	0
forced	high	3	1	4194304	3	8	24576	693753375	4831838208	8	0	139995520	66062976	73932544	18875136	8	516117	66062976	0	25413024	6291712	72057594037927935	559	41877504	339637126	67766166	0	0	0	0
forced	high	3	1	4194304	4	8	24576	753587625	4831838208	8	0	139995520	66062976	73932544	18875136	8	516117	66062976	0	25413024	6291712	72057594037927935	559	41877504	360542627	85898625	0	0	0	0
forced	high	3	1	4194304	5	8	24576	688064542	4831838208	8	0	139995520	66062976	73932544	18875136	8	516117	66062976	0	25413024	6291712	72057594037927935	559	41877504	328173167	62680833	0	0	0	0
forced	high	3	1	4194304	6	8	24576	788340959	4831838208	8	0	139995520	66062976	73932544	18875136	8	516117	66062976	0	25413024	6291712	72057594037927935	559	41877504	404041501	105028500	0	0	0	0
forced	mixed	1	0	4194304	0	8	24576	353415709	4831838208	8	0	99099392	3146752	95952640	3146752	0	0	0	0	3392160	0	72057594037927935	169	16318464	46175751	9243000	0	0	0	0
forced	mixed	1	0	4194304	1	8	24576	333185959	4831838208	8	0	99099392	3146752	95952640	3146752	0	0	0	0	3392160	0	72057594037927935	169	16318464	42895876	7299209	0	0	0	0
forced	mixed	1	0	4194304	2	8	24576	335722083	4831838208	8	0	99099392	3146752	95952640	3146752	0	0	0	0	3392160	0	72057594037927935	169	16318464	42316209	6776125	0	0	0	0
forced	mixed	1	0	4194304	3	8	24576	342648916	4831838208	8	0	99099392	3146752	95952640	3146752	0	0	0	0	3392160	0	72057594037927935	169	16318464	44911583	6888791	0	0	0	0
forced	mixed	1	0	4194304	4	8	24576	337596583	4831838208	8	0	99099392	3146752	95952640	3146752	0	0	0	0	3392160	0	72057594037927935	169	16318464	46419376	8385708	0	0	0	0
forced	mixed	1	0	4194304	5	8	24576	350284958	4831838208	8	0	99099392	3146752	95952640	3146752	0	0	0	0	3392160	0	72057594037927935	169	16318464	43868831	6931375	0	0	0	0
forced	mixed	1	0	4194304	6	8	24576	355141875	4831838208	8	0	99099392	3146752	95952640	3146752	0	0	0	0	3392160	0	72057594037927935	169	16318464	45342791	7072833	0	0	0	0
forced	mixed	3	0	4194304	0	8	24576	334022500	4831838208	8	0	104212864	5900160	98312704	0	0	0	0	0	1032096	786688	72057594037927935	139	14352384	38864959	5848542	0	0	0	0
forced	mixed	3	0	4194304	1	8	24576	332269625	4831838208	8	0	104212864	5900160	98312704	0	0	0	0	0	1032096	786688	72057594037927935	139	14352384	39810583	5827500	0	0	0	0
forced	mixed	3	0	4194304	2	8	24576	339442041	4831838208	8	0	104212864	5900160	98312704	0	0	0	0	0	1032096	786688	72057594037927935	139	14352384	41503084	5999917	0	0	0	0
forced	mixed	3	0	4194304	3	8	24576	335418458	4831838208	8	0	104212864	5900160	98312704	0	0	0	0	0	1032096	786688	72057594037927935	139	14352384	40981584	6045791	0	0	0	0
forced	mixed	3	0	4194304	4	8	24576	327200584	4831838208	8	0	104212864	5900160	98312704	0	0	0	0	0	1032096	786688	72057594037927935	139	14352384	39844375	5867750	0	0	0	0
forced	mixed	3	0	4194304	5	8	24576	333150000	4831838208	8	0	104212864	5900160	98312704	0	0	0	0	0	1032096	786688	72057594037927935	139	14352384	41374708	6086291	0	0	0	0
forced	mixed	3	0	4194304	6	8	24576	335240500	4831838208	8	0	104212864	5900160	98312704	0	0	0	0	0	1032096	786688	72057594037927935	139	14352384	42198000	6256208	0	0	0	0
forced	mixed	1	1	4194304	0	8	24576	352487583	4831838208	8	0	99099392	3146752	95952640	3146752	8	24584	3146752	0	3392160	0	72057594037927935	169	16318464	52193375	8220083	0	0	0	0
forced	mixed	1	1	4194304	1	8	24576	343396000	4831838208	8	0	99099392	3146752	95952640	3146752	8	24584	3146752	0	3392160	0	72057594037927935	169	16318464	52012500	7953416	0	0	0	0
forced	mixed	1	1	4194304	2	8	24576	342308291	4831838208	8	0	99099392	3146752	95952640	3146752	8	24584	3146752	0	3392160	0	72057594037927935	169	16318464	51196001	8145292	0	0	0	0
forced	mixed	1	1	4194304	3	8	24576	347471167	4831838208	8	0	99099392	3146752	95952640	3146752	8	24584	3146752	0	3392160	0	72057594037927935	169	16318464	55144500	8385042	0	0	0	0
forced	mixed	1	1	4194304	4	8	24576	347185333	4831838208	8	0	99099392	3146752	95952640	3146752	8	24584	3146752	0	3392160	0	72057594037927935	169	16318464	52949709	7742833	0	0	0	0
forced	mixed	1	1	4194304	5	8	24576	340794334	4831838208	8	0	99099392	3146752	95952640	3146752	8	24584	3146752	0	3392160	0	72057594037927935	169	16318464	49680167	7482542	0	0	0	0
forced	mixed	1	1	4194304	6	8	24576	342337250	4831838208	8	0	99099392	3146752	95952640	3146752	8	24584	3146752	0	3392160	0	72057594037927935	169	16318464	51202083	9132250	0	0	0	0
forced	mixed	3	1	4194304	0	8	24576	345505250	4831838208	8	0	104212864	5900160	98312704	0	8	46095	5900160	0	1032096	786688	72057594037927935	139	14352384	45639001	6425042	0	0	0	0
forced	mixed	3	1	4194304	1	8	24576	338958875	4831838208	8	0	104212864	5900160	98312704	0	8	46095	5900160	0	1032096	786688	72057594037927935	139	14352384	47829375	6544750	0	0	0	0
forced	mixed	3	1	4194304	2	8	24576	338540208	4831838208	8	0	104212864	5900160	98312704	0	8	46095	5900160	0	1032096	786688	72057594037927935	139	14352384	47532665	6329875	0	0	0	0
forced	mixed	3	1	4194304	3	8	24576	341510375	4831838208	8	0	104212864	5900160	98312704	0	8	46095	5900160	0	1032096	786688	72057594037927935	139	14352384	47145667	6281958	0	0	0	0
forced	mixed	3	1	4194304	4	8	24576	342936250	4831838208	8	0	104212864	5900160	98312704	0	8	46095	5900160	0	1032096	786688	72057594037927935	139	14352384	47224624	6890375	0	0	0	0
forced	mixed	3	1	4194304	5	8	24576	337081500	4831838208	8	0	104212864	5900160	98312704	0	8	46095	5900160	0	1032096	786688	72057594037927935	139	14352384	44512374	6326166	0	0	0	0
forced	mixed	3	1	4194304	6	8	24576	344006166	4831838208	8	0	104212864	5900160	98312704	0	8	46095	5900160	0	1032096	786688	72057594037927935	139	14352384	46263543	7193167	0	0	0	0
shared	mixed	1	0	45088768	0	12	8000	923585250	2304000000	3	0	135337728	2016232	133321496	2016232	0	0	0	0	12118632	9850176	5636096	465	48300032	68012499	22977583	3	3	6	0
shared	mixed	1	0	45088768	1	12	8000	961614417	2304000000	3	0	135338104	2016360	133321744	2016360	0	0	0	0	12118384	9849800	5636096	465	48300032	69201499	24268750	3	3	6	0
shared	mixed	1	0	45088768	2	12	8000	974816833	2304000000	3	0	135354864	2017640	133337224	2017640	0	0	0	0	12102904	9833040	5636096	465	48300032	69167959	23955417	3	3	6	0
shared	mixed	1	0	45088768	3	12	8000	921558000	2304000000	3	0	135354000	2273752	133080248	2273752	0	0	0	0	12359880	9833904	5636096	465	48300032	67623293	23413084	3	3	6	0
shared	mixed	1	0	45088768	4	12	8000	908763416	2304000000	3	0	135337728	2015616	133322112	2015616	0	0	0	0	12118016	9850176	5636096	465	48300032	67681625	23247875	3	3	6	0
shared	mixed	1	0	45088768	5	12	8000	911406959	2304000000	3	0	135355368	2017000	133338368	2017000	0	0	0	0	12101760	9832536	5636096	465	48300032	75881042	27865125	3	3	6	0
shared	mixed	1	0	45088768	6	12	8000	920778084	2304000000	3	0	135355112	2015608	133339504	2015608	0	0	0	0	12100624	9832792	5636096	465	48300032	74864917	26545875	3	3	6	0
shared	mixed	3	0	45088768	0	12	8000	945721875	2304000000	3	0	136601064	1714032	134887032	4736	0	0	0	0	10553096	10296136	5636096	455	47644672	67120791	23990166	3	3	6	0
shared	mixed	3	0	45088768	1	12	8000	943433625	2304000000	3	0	136601968	1713928	134888040	4736	0	0	0	0	10552088	10295128	5636096	455	47644672	67027250	25172000	3	3	6	0
shared	mixed	3	0	45088768	2	12	8000	942596375	2304000000	3	0	136600088	1712544	134887544	4240	0	0	0	0	10552584	10296120	5636096	455	47644672	66736875	24223458	3	3	6	0
shared	mixed	3	0	45088768	3	12	8000	939654792	2304000000	3	0	136600840	1713688	134887152	4240	0	0	0	0	10552976	10296512	5636096	455	47644672	65967916	23076833	3	3	6	0
shared	mixed	3	0	45088768	4	12	8000	893274875	2304000000	3	0	136582808	1710896	134871912	4240	0	0	0	0	10568216	10311752	5636096	455	47644672	75635458	31307250	3	3	6	0
shared	mixed	3	0	45088768	5	12	8000	904265000	2304000000	3	0	136600952	1713792	134887160	4240	0	0	0	0	10552968	10296504	5636096	455	47644672	71423625	27704917	3	3	6	0
shared	mixed	3	0	45088768	6	12	8000	905148208	2304000000	3	0	136584704	1714040	134870664	4240	0	0	0	0	10569464	10313000	5636096	455	47644672	74002251	26095959	3	3	6	0
shared	mixed	1	1	45088768	0	12	8000	1108649459	2304000000	1	1	145187904	384	145187520	384	1	3	384	0	252480	0	22544384	8	1245184	191558251	100000709	2	1	6	1
shared	mixed	1	1	45088768	1	12	8000	1177521708	2304000000	1	1	145187904	384	145187520	384	1	3	384	0	252480	0	22544384	8	1245184	205294875	105294083	2	1	8	1
shared	mixed	1	1	45088768	2	12	8000	1188254875	2304000000	1	1	145187904	384	145187520	384	1	3	384	0	252480	0	22544384	8	1245184	205989667	105988959	2	1	8	1
shared	mixed	1	1	45088768	3	12	8000	1060991375	2304000000	1	1	145187904	384	145187520	384	1	3	384	0	252480	0	22544384	8	1245184	95380542	95380542	1	1	6	0
shared	mixed	1	1	45088768	4	12	8000	978917458	2304000000	1	1	145187904	384	145187520	384	1	3	384	0	252480	0	22544384	8	1245184	97720875	97720875	1	1	4	0
shared	mixed	1	1	45088768	5	12	8000	1179190250	2304000000	1	1	145187904	384	145187520	384	1	3	384	0	252480	0	22544384	8	1245184	186334875	100004042	2	1	8	1
shared	mixed	1	1	45088768	6	12	8000	1173629792	2304000000	1	1	145187904	384	145187520	384	1	3	384	0	252480	0	22544384	8	1245184	188300958	100000667	2	1	6	1
shared	mixed	3	1	45088768	0	12	8000	1438068583	2304000000	1	1	145187904	384	145187520	0	1	3	384	0	252480	0	22544384	8	1245184	306499042	106497417	3	1	12	2
shared	mixed	3	1	45088768	1	12	8000	1281091125	2304000000	1	1	145187904	384	145187520	0	1	3	384	0	252480	0	22544384	8	1245184	308128292	108122666	3	1	10	2
shared	mixed	3	1	45088768	2	12	8000	972910041	2304000000	1	1	145187904	384	145187520	0	1	3	384	0	252480	0	22544384	8	1245184	95382083	95382083	1	1	4	0
shared	mixed	3	1	45088768	3	12	8000	1061239708	2304000000	1	1	145187904	384	145187520	0	1	3	384	0	252480	0	22544384	8	1245184	93300042	93300042	1	1	6	0
shared	mixed	3	1	45088768	4	12	8000	1174146916	2304000000	1	1	145187904	384	145187520	0	1	3	384	0	252480	0	22544384	8	1245184	210564209	110563042	2	1	8	1
shared	mixed	3	1	45088768	5	12	8000	1150950458	2304000000	1	1	145187904	384	145187520	0	1	3	384	0	252480	0	22544384	8	1245184	193446250	100000750	2	1	8	1
shared	mixed	3	1	45088768	6	12	8000	1328396083	2304000000	1	1	145187904	384	145187520	0	1	3	384	0	252480	0	22544384	8	1245184	194552332	100000666	2	1	10	1
